<metadata>
	<idinfo>
		<citation>
			<citeinfo>
				<origin>Wilderness Institute, College of Forestry and Conservation, University of Montana</origin>
				<title>National Wilderness Preservation System (shapefile)</title>
				<geoform Sync="TRUE">vector digital data</geoform>
				<onlink>http://www.wilderness.net/GIS/Wilderness_Areas.zip</onlink>
				<pubdate>2010</pubdate><ftname Sync="TRUE">wilderness_areas</ftname><pubinfo><pubplace>Missoula, MT</pubplace><publish>University of Montana, College of Forestry and Conservation, Wilderness Institute</publish></pubinfo></citeinfo>
		</citation>
		<descript>
			<abstract>This data layer consists of National Wilderness Preservation System areas in the United States, Puerto Rico, and the U.S. Virgin Islands. The map layer was created by combining the best available data from the federal agency responsible for administration of a given wilderness area. Where larger scale data could not be obtained the National Atlas layer "National Wilderness Preservation System" was used as the data source. In its present form source data varies from a scale of 1:10000 to 1:2,000,000 (see lineage for details on source scale).</abstract>
			<purpose>In its present state these data are intended for geographic display and analysis at the national level, and for large regional areas. This is a work in progress and dates on individual records represent the last known update date (see accompanying spreadsheet at http://www.wilderness.net/GIS/WildernessUpdates.xls and cross reference using WID for contact/source information where available). The intent is to replace smaller scale data with larger scale data as it becomes available. It is hoped that the end result will be a dataset at or near national map accuracy standards for 1:24000 (1:36000 for Alaska) scale data. In its present form source data varies from a scale of 1:10000 to 1:2,000,000 (see lineage for details on source scale). No responsibility is assumed by Wilderness.net or the University of Montana's Wilderness Institute in the use of these data.</purpose>
			<langdata Sync="TRUE">en</langdata></descript>
		<timeperd>
			<timeinfo>
				<sngdate>
					<caldate>2010</caldate>
				</sngdate>
			</timeinfo>
			<current>publication date</current>
		</timeperd>
		<status>
			<progress>In work</progress>
			<update>As needed</update>
		</status>
		<spdom>
			<bounding>
				<westbc Sync="TRUE">-179.150082</westbc>
				<eastbc>-67</eastbc>
				<northbc Sync="TRUE">69.858392</northbc>
				<southbc Sync="TRUE">18.248408</southbc>
			</bounding>
			<lboundng><leftbc Sync="TRUE">-19942895.947400</leftbc><rightbc Sync="TRUE">20012201.485400</rightbc><bottombc Sync="TRUE">2066644.908100</bottombc><topbc Sync="TRUE">11022781.369100</topbc></lboundng></spdom>
		<keywords>
			<theme>
				<themekt>ISO 19115 Topic Category</themekt>
				<themekey>Federal Lands</themekey>
				<themekey>Wilderness</themekey>
				<themekey>Wilderness Areas</themekey>
				<themekey>National Wilderness Preservation System</themekey>
				<themekey>Bureau of Land Management</themekey>
				<themekey>Forest Service</themekey>
				<themekey>Fish and Wildlife Service</themekey>
				<themekey>National Park Service</themekey>
				<themekey>BLM</themekey>
				<themekey>FS</themekey>
				<themekey>FWS</themekey>
				<themekey>NPS</themekey>
				<themekey>Boundaries</themekey>
				<themekey>Environment</themekey>
			</theme>
			<place>
				<placekt>U.S. Department of Commerce, 1995, Countries, Dependencies, Areas of Special Sovereignty, and Their Principal Administrative Divisions (Federal Information Processing Standard (FIPS) 10-4): Washington, D.C., National Institute of Standards and Technology.</placekt>
				<placekey>US</placekey>
				<placekey>United States</placekey>
			</place>
		</keywords>
		<useconst>Acknowledgment of Wilderness.net would be appreciated for products derived from these data.</useconst>
		<ptcontac>
			<cntinfo>
				<cntperp>
					<cntper>Lisa Eidson</cntper>
					<cntorg>Wilderness Institute, College of Forestry and Conservation, University of Montana</cntorg>
				</cntperp>
				<cntpos>Wilderness Information Specialist</cntpos>
				<cntvoice>406-243-6933</cntvoice>
				<cntemail>lisa@wilderness.net</cntemail>
				<hours>8:00am - 5:00pm MST Monday-Friday (generally)</hours>
				<cntinst>Contact by phone or e-mail anytime. If you reach voicemail at the phone number listed, you may try 406-396-3607 (work cell).</cntinst>
				<cntaddr><addrtype>mailing and physical address</addrtype><address>32 Campus Dr.</address><city>Missoula</city><state>MT</state><postal>59812</postal><country>USA</country></cntaddr></cntinfo>
		</ptcontac>
		<datacred>This dataset was compiled by Lisa Eidson, Webmaster for Wilderness.net at the University of Montana's Wilderness Institute, to form individual wilderness boundaries obtained from the Fish and Wildlife Service (FWS), Bureau of Land Management (BLM), National Park Service (NPS), and the Forest Service (USFS). FS data has been obtained from the Automated Lands Project, or from regional or national forest GIS staff. BLM data is from a national dataset from field inventories. FWS and NPS data have been obtained from National Park or Refuge offices. For a history of updates, contacts from whom the data were obtained can be cross-referenced using the WID in the spreadsheet at http://www.wilderness.net/GIS/WildernessUpdates.xls.</datacred>
		<secinfo>
			<secclass>Unclassified</secclass>
		</secinfo>
		<native Sync="TRUE">Microsoft Windows XP Version 5.1 (Build 2600) Service Pack 3; ESRI ArcCatalog 9.3.1.3000</native>
		<crossref>
			<citeinfo>
			</citeinfo>
		</crossref>
		<natvform Sync="TRUE">File Geodatabase Feature Class</natvform></idinfo>
	<dataqual>
		<logic>Topology established using ArcGIS 9.0. Checked for overlaps and gaps between polygons.</logic>
		<complete>This map layer includes National Wilderness Preservation System areas for all 50 of the United States, the District of Columbia, Puerto Rico, and the U.S. Virgin Islands. This dataset is a work in progress. Small scale data will be replaced by larger scale data as it becomes available.</complete>
		<lineage>
			<procstep>
				<procdesc>Dataset copied.</procdesc>
				<procdate>20090511</procdate>
				<proctime>10121000</proctime>
			</procstep>
			<procstep>
				<procdesc>Metadata imported.</procdesc>
				<srcused>C:\WorkSpace\WildernessBoundaries.shp.xml</srcused>
				<procdate>20090911</procdate>
				<proctime>10454700</proctime>
			</procstep>
			<procstep><procdesc Sync="TRUE">Metadata imported.</procdesc><srcused Sync="TRUE">C:\WorkSpace\NWPS_Web\metadata\wilderness_areas_shapefile.xml</srcused><procdate Sync="TRUE">20100308</procdate><proctime Sync="TRUE">16574300</proctime></procstep></lineage>
	</dataqual>
	<spdoinfo>
		<direct Sync="TRUE">Vector</direct>
		<ptvctinf><esriterm Name="Brush_Mountain_East"><efeatyp Sync="TRUE">Simple</efeatyp><efeageom Sync="TRUE">4</efeageom><esritopo Sync="TRUE">FALSE</esritopo><efeacnt Sync="TRUE">0</efeacnt><spindex Sync="TRUE">FALSE</spindex><linrefer Sync="TRUE">FALSE</linrefer></esriterm></ptvctinf></spdoinfo>
	<spref>
		<horizsys>
			<planar>
				<planci>
					<plance Sync="TRUE">coordinate pair</plance>
					<coordrep>
						<absres Sync="TRUE">0.000100</absres>
						<ordres Sync="TRUE">0.000100</ordres>
					</coordrep>
					<plandu Sync="TRUE">meters</plandu>
				</planci>
			</planar>
			<geodetic>
				<horizdn Sync="TRUE">D_WGS_1984_Major_Auxiliary_Sphere</horizdn>
				<ellips Sync="TRUE">WGS_1984_Major_Auxiliary_Sphere</ellips>
				<semiaxis Sync="TRUE">6378137.000000</semiaxis>
				<denflat Sync="TRUE">infinity</denflat>
			</geodetic>
			<cordsysn><geogcsn Sync="TRUE">GCS_WGS_1984_Major_Auxiliary_Sphere</geogcsn><projcsn Sync="TRUE">WGS_1984_Web_Mercator</projcsn></cordsysn></horizsys>
		<vertdef>
			<altsys>
				<altres>0.000100</altres>
				<altenc>Explicit elevation coordinate included with horizontal coordinates</altenc>
			</altsys>
		</vertdef>
	</spref>
	<eainfo>
		<detailed Name="Brush_Mountain_East">
			<enttyp>
				<enttypl Sync="TRUE">Brush_Mountain_East</enttypl>
				<enttypd>Areas established by the Wilderness Act of 1964 and subsequent wilderness legislation. These areas are owned or administered by the Bureau of Land Management, the Fish and Wildlife Service, the Forest Service, or the National Park Service.</enttypd>
				<enttypds>Wilderness Act of 1964</enttypds>
				<enttypt Sync="TRUE">Feature Class</enttypt><enttypc Sync="TRUE">0</enttypc></enttyp>
			<attr><attrlabl Sync="TRUE">FID</attrlabl><attalias Sync="TRUE">FID</attalias><attrtype Sync="TRUE">OID</attrtype><attwidth Sync="TRUE">4</attwidth><atprecis Sync="TRUE">0</atprecis><attscale Sync="TRUE">0</attscale><attrdef Sync="TRUE">Internal feature number.</attrdef><attrdefs Sync="TRUE">ESRI</attrdefs><attrdomv><udom Sync="TRUE">Sequential unique whole numbers that are automatically generated.</udom></attrdomv></attr><attr>
				<attrlabl>Shape</attrlabl>
				<attrdef>Feature geometry.</attrdef>
				<attrdefs>ESRI</attrdefs>
				<attrdomv>
					<udom>Coordinates defining the features.</udom>
				</attrdomv>
				<attalias Sync="TRUE">Shape</attalias><attrtype Sync="TRUE">Geometry</attrtype><attwidth Sync="TRUE">0</attwidth><atprecis Sync="TRUE">0</atprecis><attscale Sync="TRUE">0</attscale></attr>
			<attr>
				<attrlabl>FEATURE1</attrlabl>
				<attrdef>Land type</attrdef>
				<attrdomv>
					<edom>
						<edomv>Wilderness</edomv>
						<edomvd>Legislatively designated wilderness</edomvd>
					</edom>
				</attrdomv>
				<attalias Sync="TRUE">FEATURE1</attalias><attrtype Sync="TRUE">String</attrtype><attwidth Sync="TRUE">80</attwidth><atprecis Sync="TRUE">0</atprecis><attscale Sync="TRUE">0</attscale></attr>
			<attr>
				<attrlabl>FEATURE2</attrlabl>
				<attrdef>Used to designate open water portions of wilderness, if existing</attrdef>
				<attalias Sync="TRUE">FEATURE2</attalias><attrtype Sync="TRUE">String</attrtype><attwidth Sync="TRUE">80</attwidth><atprecis Sync="TRUE">0</atprecis><attscale Sync="TRUE">0</attscale></attr>
			<attr>
				<attrlabl>AGBUR</attrlabl>
				<attrdef>Federal wilderness managing agency abbreviation</attrdef>
				<attrdomv>
					<edom>
						<edomv>BLM</edomv>
						<edomvd>Bureau of Land Management</edomvd>
					</edom>
					<edom>
						<edomv>FS</edomv>
						<edomvd>Forest Service</edomvd>
					</edom>
					<edom>
						<edomv>FWS</edomv>
						<edomvd>Fish and Wildlife Service</edomvd>
					</edom>
					<edom>
						<edomv>NPS</edomv>
						<edomvd>National Park Service</edomvd>
					</edom>
				</attrdomv>
				<attalias Sync="TRUE">AGBUR</attalias><attrtype Sync="TRUE">String</attrtype><attwidth Sync="TRUE">7</attwidth><atprecis Sync="TRUE">0</atprecis><attscale Sync="TRUE">0</attscale></attr>
			<attr>
				<attrlabl>URL</attrlabl>
				<attrdef>Link to wilderness-specific information on http://www.wilderness.net</attrdef>
				<attalias Sync="TRUE">URL</attalias><attrtype Sync="TRUE">String</attrtype><attwidth Sync="TRUE">150</attwidth><atprecis Sync="TRUE">0</atprecis><attscale Sync="TRUE">0</attscale></attr>
			<attr>
				<attrlabl>NAME</attrlabl>
				<attrdef>Official name of wilderness</attrdef>
				<attalias Sync="TRUE">NAME</attalias><attrtype Sync="TRUE">String</attrtype><attwidth Sync="TRUE">80</attwidth><atprecis Sync="TRUE">0</atprecis><attscale Sync="TRUE">0</attscale></attr>
			<attr>
				<attrlabl>STATE</attrlabl>
				<attrdef>State or states (abbreviated) in which the wilderness is found</attrdef>
				<attalias Sync="TRUE">STATE</attalias><attrtype Sync="TRUE">String</attrtype><attwidth Sync="TRUE">14</attwidth><atprecis Sync="TRUE">0</atprecis><attscale Sync="TRUE">0</attscale></attr>
			<attr>
				<attrlabl>Shape_Area</attrlabl>
				<attrdef>Area of feature in internal units squared.</attrdef>
				<attrdefs>ESRI</attrdefs>
				<attrdomv>
					<udom>Positive real numbers that are automatically generated.</udom>
				</attrdomv>
				<attalias Sync="TRUE">Shape_Area</attalias><attrtype Sync="TRUE">Double</attrtype><attwidth Sync="TRUE">19</attwidth><atprecis Sync="TRUE">0</atprecis><attscale Sync="TRUE">0</attscale></attr>
			<attr><attrlabl Sync="TRUE">dateLastMo</attrlabl><attalias Sync="TRUE">dateLastMo</attalias><attrtype Sync="TRUE">Date</attrtype><attwidth Sync="TRUE">8</attwidth><atprecis Sync="TRUE">0</atprecis><attscale Sync="TRUE">0</attscale></attr><attr>
				<attrlabl>Comment</attrlabl>
				<attrdef>Additional comments or information</attrdef>
				<attalias Sync="TRUE">Comment</attalias><attrtype Sync="TRUE">String</attrtype><attwidth Sync="TRUE">250</attwidth><atprecis Sync="TRUE">0</atprecis><attscale Sync="TRUE">0</attscale></attr>
			<attr>
				<attrlabl>CenterX</attrlabl>
				<attrdef>X coordinate of the geographical center in decimal degrees</attrdef>
				<attalias Sync="TRUE">CenterX</attalias><attrtype Sync="TRUE">Double</attrtype><attwidth Sync="TRUE">19</attwidth><atprecis Sync="TRUE">0</atprecis><attscale Sync="TRUE">0</attscale></attr>
			<attr>
				<attrlabl>CenterY</attrlabl>
				<attrdef>Y coordinate of the geographical center in decimal degrees</attrdef>
				<attalias Sync="TRUE">CenterY</attalias><attrtype Sync="TRUE">Double</attrtype><attwidth Sync="TRUE">19</attwidth><atprecis Sync="TRUE">0</atprecis><attscale Sync="TRUE">0</attscale></attr>
			<attr><attrlabl Sync="TRUE">NAME_ABBRE</attrlabl><attalias Sync="TRUE">NAME_ABBRE</attalias><attrtype Sync="TRUE">String</attrtype><attwidth Sync="TRUE">35</attwidth><atprecis Sync="TRUE">0</atprecis><attscale Sync="TRUE">0</attscale></attr><attr><attrlabl Sync="TRUE">Shape_Leng</attrlabl><attalias Sync="TRUE">Shape_Leng</attalias><attrtype Sync="TRUE">Double</attrtype><attwidth Sync="TRUE">19</attwidth><atprecis Sync="TRUE">0</atprecis><attscale Sync="TRUE">0</attscale></attr><attr>
				<attrlabl>WID</attrlabl>
				<attrdef>Unique identifier for each wilderness area. This corresponds to database information on http://www.wilderness.net and to the spreadsheet containing the update history.</attrdef>
				<attalias Sync="TRUE">WID</attalias><attrtype Sync="TRUE">Integer</attrtype><attwidth Sync="TRUE">9</attwidth><atprecis Sync="TRUE">9</atprecis><attscale Sync="TRUE">0</attscale></attr>
			<attr><attrlabl Sync="TRUE">xmin</attrlabl><attalias Sync="TRUE">xmin</attalias><attrtype Sync="TRUE">Double</attrtype><attwidth Sync="TRUE">19</attwidth><atprecis Sync="TRUE">0</atprecis><attscale Sync="TRUE">0</attscale></attr><attr><attrlabl Sync="TRUE">ymin</attrlabl><attalias Sync="TRUE">ymin</attalias><attrtype Sync="TRUE">Double</attrtype><attwidth Sync="TRUE">19</attwidth><atprecis Sync="TRUE">0</atprecis><attscale Sync="TRUE">0</attscale></attr><attr><attrlabl Sync="TRUE">xmax</attrlabl><attalias Sync="TRUE">xmax</attalias><attrtype Sync="TRUE">Double</attrtype><attwidth Sync="TRUE">19</attwidth><atprecis Sync="TRUE">0</atprecis><attscale Sync="TRUE">0</attscale></attr><attr><attrlabl Sync="TRUE">ymax</attrlabl><attalias Sync="TRUE">ymax</attalias><attrtype Sync="TRUE">Double</attrtype><attwidth Sync="TRUE">19</attwidth><atprecis Sync="TRUE">0</atprecis><attscale Sync="TRUE">0</attscale></attr><attr><attrlabl Sync="TRUE">YearDesign</attrlabl><attalias Sync="TRUE">YearDesign</attalias><attrtype Sync="TRUE">Integer</attrtype><attwidth Sync="TRUE">9</attwidth><atprecis Sync="TRUE">9</atprecis><attscale Sync="TRUE">0</attscale></attr></detailed>
	</eainfo>
	<distinfo>
		<distrib>
			<cntinfo>
				<cntperp>
					<cntper>Lisa Eidson</cntper>
					<cntorg>Wilderness Institute, College of Forestry and Conservation, University of Montana</cntorg>
				</cntperp>
				<cntpos>Wilderness Information Specialist</cntpos>
				<cntvoice>406-243-6933</cntvoice>
				<cntemail>lisa@wilderness.net</cntemail>
				<hours>8:00am - 5:00pm MST Monday-Friday (generally)</hours>
				<cntinst>Contact by phone or e-mail anytime. If you reach voicemail at the phone number listed, you may try 406-396-3607 (work cell).</cntinst>
			</cntinfo>
		</distrib>
		<resdesc>Downloadable Data</resdesc>
		<distliab>No warranty expressed or implied is made by Wilderness.net or the University of Montana's Wilderness Institute regarding the utility of the data on any other system, nor shall the act of distribution constitute any such warranty.  No responsibility is assumed by Wilderness.net or the University of Montana's Wilderness Institute in the use of these data. The data has been prepared and displayed given the original records from the Federal land management agencies listed.  This data is intended to provide the user with a generalized representation of wilderness boundaries for the nation at the largest scale available.  For specific boundary information the user must contact the Federal land management agency with responsibility of said boundary. This information is found in the accompanying spreadsheet. Wilderness.net and the University of Montana's Wilderness Institute make no representations or warranties respecting the data, either expressed or implied, arising by law or otherwise, including but not limited to, effectiveness, completeness, accuracy or fitness for a particular purpose. Wilderness.net and the University of Montana's Wilderness Institute do not assume any liability in respect of any damage or loss incurred or suffered as a result of the use of the data. In no event shall Wilderness.net or the University of Montana's Wilderness Institute be liable in any way for loss of revenue or contracts, or any other consequential loss of any kind resulting from the use of the data.</distliab>
		<stdorder>
			<digform>
				<digtinfo>
					<formname>ARCG</formname>
					<transize>39.850</transize>
				</digtinfo>
			</digform>
		</stdorder>
	</distinfo>
	<metainfo>
		<metd Sync="TRUE">20110104</metd>
		<metc>
			<cntinfo>
				<cntperp>
					<cntper>Lisa Eidson</cntper>
					<cntorg>Wilderness Institute, College of Forestry and Conservation, University of Montana</cntorg>
				</cntperp>
				<cntpos>Wilderness Information Specialist</cntpos>
				<cntaddr>
					<addrtype>mailing and physical address</addrtype>
					<city>Missoula</city>
					<state>MT</state>
					<postal>59812</postal>
					<address>32 Campus Dr.</address><country>USA</country></cntaddr>
				<cntvoice>406-243-6933</cntvoice>
				<cntemail>lisa@wilderness.net</cntemail>
				<hours>8:00am - 5:00pm MST Monday-Friday (generally)</hours>
				<cntinst>Contact by phone or e-mail anytime. If you reach voicemail at the phone number listed, you may try 406-396-3607 (work cell).</cntinst>
			</cntinfo>
		</metc>
		<metstdn Sync="TRUE">FGDC Content Standards for Digital Geospatial Metadata</metstdn>
		<metstdv Sync="TRUE">FGDC-STD-001-1998</metstdv>
		<mettc Sync="TRUE">local time</mettc>
		<metextns>
			<onlink>http://www.esri.com/metadata/esriprof80.html</onlink>
			<metprof>ESRI Metadata Profile</metprof>
		</metextns>
		<langmeta Sync="TRUE">en</langmeta></metainfo>
	<Esri>
		<CreaDate>20111201</CreaDate><CreaTime>10022600</CreaTime><SyncOnce>FALSE</SyncOnce><SyncDate>20130425</SyncDate><SyncTime>17013600</SyncTime><ModDate>20130425</ModDate><ModTime>17013600</ModTime><ArcGISFormat>1.0</ArcGISFormat><DataProperties><itemProps><itemLocation><linkage Sync="TRUE">file://\\SKIMMERHORN\C$\WorkSpace\dNWPS\ExportFiles\Brush_Mountain_East.shp</linkage><protocol Sync="TRUE">Local Area Network</protocol></itemLocation><itemName Sync="TRUE">Brush_Mountain_East</itemName><imsContentType Sync="TRUE">002</imsContentType><itemSize Sync="TRUE">0.000</itemSize></itemProps><lineage><Process ToolSource="C:\Program Files\ArcGIS\Desktop10.0\ArcToolbox\Toolboxes\Data Management Tools.tbx\CalculateField" Date="20120712" Time="155418">CalculateField "National Wilderness Areas (filled)" xmin !shape.extent.xmax! PYTHON_9.3 #</Process><Process ToolSource="C:\Program Files\ArcGIS\Desktop10.0\ArcToolbox\Toolboxes\Data Management Tools.tbx\CalculateField" Date="20120712" Time="155830">CalculateField "National Wilderness Areas (outlines)" ymin !shape.extent.ymin! PYTHON_9.3 #</Process><Process ToolSource="C:\Program Files\ArcGIS\Desktop10.0\ArcToolbox\Toolboxes\Data Management Tools.tbx\CalculateField" Date="20120712" Time="155933">CalculateField "National Wilderness Areas (outlines)" xmax !shape.extent.xmax! PYTHON_9.3 #</Process><Process ToolSource="C:\Program Files\ArcGIS\Desktop10.0\ArcToolbox\Toolboxes\Data Management Tools.tbx\CalculateField" Date="20120712" Time="160002">CalculateField "National Wilderness Areas (outlines)" ymax !shape.extent.ymax! PYTHON_9.3 #</Process><Process ToolSource="C:\Program Files\ArcGIS\Desktop10.0\ArcToolbox\Toolboxes\Data Management Tools.tbx\CalculateField" Date="20130201" Time="151706">CalculateField "National Wilderness Areas (outlines)" xmin !shape.extent.xmin! PYTHON_9.3 #</Process><Process ToolSource="C:\Program Files\ArcGIS\Desktop10.0\ArcToolbox\Toolboxes\Data Management Tools.tbx\CalculateField" Date="20130201" Time="151739">CalculateField "National Wilderness Areas (outlines)" ymin !shape.extent.ymin! PYTHON_9.3 #</Process><Process ToolSource="C:\Program Files\ArcGIS\Desktop10.0\ArcToolbox\Toolboxes\Data Management Tools.tbx\CalculateField" Date="20130201" Time="151800">CalculateField "National Wilderness Areas (outlines)" xmax !shape.extent.xmax! PYTHON_9.3 #</Process><Process ToolSource="C:\Program Files\ArcGIS\Desktop10.0\ArcToolbox\Toolboxes\Data Management Tools.tbx\CalculateField" Date="20130201" Time="151821">CalculateField "National Wilderness Areas (outlines)" ymax !shape.extent.ymax! PYTHON_9.3 #</Process><Process ToolSource="C:\Program Files\ArcGIS\Desktop10.0\ArcToolbox\Toolboxes\Data Management Tools.tbx\AddField" Date="20130204" Time="144640">AddField C:\WorkSpace\dNWPS\GCSWeb.gdb\wilderness_areas YearDesignated LONG # # # # NULLABLE NON_REQUIRED #</Process><Process ToolSource="C:\Program Files\ArcGIS\Desktop10.0\ArcToolbox\Toolboxes\Data Management Tools.tbx\CalculateField" Date="20130212" Time="112716">CalculateField "National Wilderness Areas (names)" xmin !shape.extent.xmin! PYTHON_9.3 #</Process><Process ToolSource="C:\Program Files\ArcGIS\Desktop10.0\ArcToolbox\Toolboxes\Data Management Tools.tbx\CalculateField" Date="20130212" Time="112740">CalculateField "National Wilderness Areas (names)" ymin !shape.extent.ymin! PYTHON_9.3 #</Process><Process ToolSource="C:\Program Files\ArcGIS\Desktop10.0\ArcToolbox\Toolboxes\Data Management Tools.tbx\CalculateField" Date="20130212" Time="112803">CalculateField "National Wilderness Areas (names)" xmax !shape.extent.xmax! PYTHON_9.3 #</Process><Process ToolSource="C:\Program Files\ArcGIS\Desktop10.0\ArcToolbox\Toolboxes\Data Management Tools.tbx\CalculateField" Date="20130212" Time="112822">CalculateField "National Wilderness Areas (names)" ymax !shape.extent.ymax! PYTHON_9.3 #</Process><Process ToolSource="C:\Program Files\ArcGIS\Desktop10.0\ArcToolbox\Toolboxes\Data Management Tools.tbx\CalculateField" Date="20130214" Time="164002">CalculateField "National Wilderness Areas (names)" URL "http://www.wilderness.net/NWPS/wildView?WID="&amp;[WID] VB #</Process><Process ToolSource="C:\Program Files\ArcGIS\Desktop10.0\ArcToolbox\Toolboxes\Data Management Tools.tbx\CalculateField" Date="20130325" Time="115632">CalculateField "National Wilderness Areas (outlines)" xmin !shape.extent.xmin! PYTHON_9.3 #</Process><Process ToolSource="C:\Program Files\ArcGIS\Desktop10.0\ArcToolbox\Toolboxes\Data Management Tools.tbx\CalculateField" Date="20130325" Time="115655">CalculateField "National Wilderness Areas (outlines)" ymin !shape.extent.ymin! PYTHON_9.3 #</Process><Process ToolSource="C:\Program Files\ArcGIS\Desktop10.0\ArcToolbox\Toolboxes\Data Management Tools.tbx\CalculateField" Date="20130325" Time="115711">CalculateField "National Wilderness Areas (outlines)" xmax !shape.extent.xmax! PYTHON_9.3 #</Process><Process ToolSource="C:\Program Files\ArcGIS\Desktop10.0\ArcToolbox\Toolboxes\Data Management Tools.tbx\CalculateField" Date="20130325" Time="115731">CalculateField "National Wilderness Areas (outlines)" ymax !shape.extent.ymax! PYTHON_9.3 #</Process><Process ToolSource="C:\Program Files\ArcGIS\Desktop10.0\ArcToolbox\Toolboxes\Data Management Tools.tbx\CalculateField" Date="20130425" Time="164340">CalculateField C:\WorkSpace\dNWPS\GCSWeb.gdb\wilderness_areas xmin !shape.extent.xmin! PYTHON_9.3 #</Process><Process ToolSource="C:\Program Files\ArcGIS\Desktop10.0\ArcToolbox\Toolboxes\Data Management Tools.tbx\CalculateField" Date="20130425" Time="164403">CalculateField C:\WorkSpace\dNWPS\GCSWeb.gdb\wilderness_areas ymin !shape.extent.ymin! PYTHON_9.3 #</Process><Process ToolSource="C:\Program Files\ArcGIS\Desktop10.0\ArcToolbox\Toolboxes\Data Management Tools.tbx\CalculateField" Date="20130425" Time="164421">CalculateField C:\WorkSpace\dNWPS\GCSWeb.gdb\wilderness_areas xmax !shape.extent.xmax! PYTHON_9.3 #</Process><Process ToolSource="C:\Program Files\ArcGIS\Desktop10.0\ArcToolbox\Toolboxes\Data Management Tools.tbx\CalculateField" Date="20130425" Time="164449">CalculateField C:\WorkSpace\dNWPS\GCSWeb.gdb\wilderness_areas ymax !shape.extent.ymax! PYTHON_9.3 #</Process><Process ToolSource="C:\Program Files\ArcGIS\Desktop10.0\ArcToolbox\Toolboxes\Conversion Tools.tbx\FeatureClassToFeatureClass" Date="20130425" Time="170137">FeatureClassToFeatureClass "National Wilderness Areas (names)" C:\WorkSpace\dNWPS\ExportFiles Brush_Mountain_East.shp "WID = 713" "FEATURE1 "FEATURE1" true true false 80 Text 0 0 ,First,#,C:\WorkSpace\dNWPS\GCSWeb.gdb\wilderness_areas,FEATURE1,-1,-1;FEATURE2 "FEATURE2" true true false 80 Text 0 0 ,First,#,C:\WorkSpace\dNWPS\GCSWeb.gdb\wilderness_areas,FEATURE2,-1,-1;AGBUR "AGBUR" true true false 7 Text 0 0 ,First,#,C:\WorkSpace\dNWPS\GCSWeb.gdb\wilderness_areas,AGBUR,-1,-1;URL "URL" true true false 150 Text 0 0 ,First,#,C:\WorkSpace\dNWPS\GCSWeb.gdb\wilderness_areas,URL,-1,-1;NAME "NAME" true true false 80 Text 0 0 ,First,#,C:\WorkSpace\dNWPS\GCSWeb.gdb\wilderness_areas,NAME,-1,-1;STATE "STATE" true true false 14 Text 0 0 ,First,#,C:\WorkSpace\dNWPS\GCSWeb.gdb\wilderness_areas,STATE,-1,-1;Comment "Comment" true true false 250 Text 0 0 ,First,#,C:\WorkSpace\dNWPS\GCSWeb.gdb\wilderness_areas,Comment,-1,-1;dateLastMo "dateLastModified" true true false 8 Date 0 0 ,First,#,C:\WorkSpace\dNWPS\GCSWeb.gdb\wilderness_areas,dateLastModified,-1,-1;CenterX "CenterX" true true false 8 Double 0 0 ,First,#,C:\WorkSpace\dNWPS\GCSWeb.gdb\wilderness_areas,CenterX,-1,-1;CenterY "CenterY" true true false 8 Double 0 0 ,First,#,C:\WorkSpace\dNWPS\GCSWeb.gdb\wilderness_areas,CenterY,-1,-1;WID "WID" true true false 4 Long 0 0 ,First,#,C:\WorkSpace\dNWPS\GCSWeb.gdb\wilderness_areas,WID,-1,-1;NAME_ABBRE "NAME_ABBREV" true true false 35 Text 0 0 ,First,#,C:\WorkSpace\dNWPS\GCSWeb.gdb\wilderness_areas,NAME_ABBREV,-1,-1;Shape_Leng "Shape_Leng" false true true 8 Double 0 0 ,First,#,C:\WorkSpace\dNWPS\GCSWeb.gdb\wilderness_areas,Shape_Length,-1,-1;Shape_Area "Shape_Area" false true true 8 Double 0 0 ,First,#,C:\WorkSpace\dNWPS\GCSWeb.gdb\wilderness_areas,Shape_Area,-1,-1;xmin "xmin" true true false 8 Double 0 0 ,First,#,C:\WorkSpace\dNWPS\GCSWeb.gdb\wilderness_areas,xmin,-1,-1;ymin "ymin" true true false 8 Double 0 0 ,First,#,C:\WorkSpace\dNWPS\GCSWeb.gdb\wilderness_areas,ymin,-1,-1;xmax "xmax" true true false 8 Double 0 0 ,First,#,C:\WorkSpace\dNWPS\GCSWeb.gdb\wilderness_areas,xmax,-1,-1;ymax "ymax" true true false 8 Double 0 0 ,First,#,C:\WorkSpace\dNWPS\GCSWeb.gdb\wilderness_areas,ymax,-1,-1;YearDesign "YearDesignated" true true false 4 Long 0 0 ,First,#,C:\WorkSpace\dNWPS\GCSWeb.gdb\wilderness_areas,YearDesignated,-1,-1" #</Process></lineage><coordRef><type Sync="TRUE">Projected</type><geogcsn Sync="TRUE">GCS_WGS_1984_Major_Auxiliary_Sphere</geogcsn><projcsn Sync="TRUE">WGS_1984_Web_Mercator</projcsn><peXml Sync="TRUE">&lt;ProjectedCoordinateSystem xsi:type='typens:ProjectedCoordinateSystem' xmlns:xsi='http://www.w3.org/2001/XMLSchema-instance' xmlns:xs='http://www.w3.org/2001/XMLSchema' xmlns:typens='http://www.esri.com/schemas/ArcGIS/10.0'&gt;&lt;WKT&gt;PROJCS[&amp;quot;WGS_1984_Web_Mercator&amp;quot;,GEOGCS[&amp;quot;GCS_WGS_1984_Major_Auxiliary_Sphere&amp;quot;,DATUM[&amp;quot;D_WGS_1984_Major_Auxiliary_Sphere&amp;quot;,SPHEROID[&amp;quot;WGS_1984_Major_Auxiliary_Sphere&amp;quot;,6378137.0,0.0]],PRIMEM[&amp;quot;Greenwich&amp;quot;,0.0],UNIT[&amp;quot;Degree&amp;quot;,0.0174532925199433]],PROJECTION[&amp;quot;Mercator&amp;quot;],PARAMETER[&amp;quot;False_Easting&amp;quot;,0.0],PARAMETER[&amp;quot;False_Northing&amp;quot;,0.0],PARAMETER[&amp;quot;Central_Meridian&amp;quot;,0.0],PARAMETER[&amp;quot;Standard_Parallel_1&amp;quot;,0.0],UNIT[&amp;quot;Meter&amp;quot;,1.0],AUTHORITY[&amp;quot;ESRI&amp;quot;,102113]]&lt;/WKT&gt;&lt;XOrigin&gt;-20037700&lt;/XOrigin&gt;&lt;YOrigin&gt;-30241100&lt;/YOrigin&gt;&lt;XYScale&gt;148923141.92838538&lt;/XYScale&gt;&lt;ZOrigin&gt;-100000&lt;/ZOrigin&gt;&lt;ZScale&gt;10000&lt;/ZScale&gt;&lt;MOrigin&gt;-100000&lt;/MOrigin&gt;&lt;MScale&gt;10000&lt;/MScale&gt;&lt;XYTolerance&gt;0.001&lt;/XYTolerance&gt;&lt;ZTolerance&gt;0.001&lt;/ZTolerance&gt;&lt;MTolerance&gt;0.001&lt;/MTolerance&gt;&lt;HighPrecision&gt;true&lt;/HighPrecision&gt;&lt;WKID&gt;102113&lt;/WKID&gt;&lt;/ProjectedCoordinateSystem&gt;</peXml></coordRef></DataProperties></Esri>
	<dataIdInfo><envirDesc Sync="TRUE">Microsoft Windows Server 2008 R2 Version 6.1 (Build 7601) Service Pack 1; ESRI ArcGIS 10.0.2.3200</envirDesc><dataLang><languageCode Sync="TRUE" value="eng" country="USA"></languageCode></dataLang><idCitation><resTitle Sync="TRUE">Brush_Mountain_East</resTitle><presForm><PresFormCd value="005"></PresFormCd></presForm></idCitation><dataExt><geoEle><GeoBndBox esriExtentType="native"><westBL Sync="TRUE">-19942895.9474</westBL><eastBL Sync="TRUE">20012201.4854</eastBL><northBL Sync="TRUE">11022781.3691</northBL><southBL Sync="TRUE">2066644.9081</southBL><exTypeCode Sync="TRUE">1</exTypeCode></GeoBndBox></geoEle></dataExt><geoBox esriExtentType="decdegrees"><westBL Sync="TRUE">-179.150082</westBL><eastBL Sync="TRUE">179.772665</eastBL><northBL Sync="TRUE">69.858392</northBL><southBL Sync="TRUE">18.248408</southBL><exTypeCode Sync="TRUE">1</exTypeCode></geoBox><descKeys><thesaName uuidref="723f6998-058e-11dc-8314-0800200c9a66"></thesaName><keyword Sync="TRUE">002</keyword></descKeys><spatRpType><SpatRepTypCd value="001"></SpatRepTypCd></spatRpType></dataIdInfo><mdLang><languageCode Sync="TRUE" value="eng"></languageCode></mdLang><mdStanName Sync="TRUE">ISO 19115 Geographic Information - Metadata</mdStanName><mdStanVer Sync="TRUE">DIS_ESRI1.0</mdStanVer><mdChar><CharSetCd Sync="TRUE" value="004"></CharSetCd></mdChar><mdHrLv><ScopeCd Sync="TRUE" value="005"></ScopeCd></mdHrLv><mdHrLvName Sync="TRUE">dataset</mdHrLvName><distInfo><distributor><distorTran><onLineSrc><orDesc Sync="TRUE">002</orDesc><linkage Sync="TRUE">file://\\SKIMMERHORN\C$\WorkSpace\NWPS_Web\GCSWeb.gdb</linkage><protocol Sync="TRUE">Local Area Network</protocol></onLineSrc></distorTran><distorFormat><formatName Sync="TRUE">File Geodatabase Feature Class</formatName></distorFormat></distributor><distFormat><formatName Sync="TRUE">Shapefile</formatName></distFormat><distTranOps><transSize Sync="TRUE">0.000</transSize></distTranOps></distInfo><refSysInfo><RefSystem><refSysID><identCode Sync="TRUE" code="102113">WGS_1984_Web_Mercator</identCode><idCodeSpace Sync="TRUE">ESRI</idCodeSpace><idVersion Sync="TRUE">10.0.0</idVersion></refSysID></RefSystem></refSysInfo><spatRepInfo><VectSpatRep><topLvl><TopoLevCd Sync="TRUE" value="001"></TopoLevCd></topLvl><geometObjs Name="wilderness_areas"><geoObjTyp><GeoObjTypCd Sync="TRUE" value="002"></GeoObjTypCd><geoObjCnt Sync="TRUE">0</geoObjCnt></geoObjTyp><geoObjCnt Sync="TRUE">793</geoObjCnt></geometObjs></VectSpatRep></spatRepInfo><mdDateSt Sync="TRUE">20130425</mdDateSt></metadata>
