<?xml version="1.0" encoding="UTF-8" standalone="no" ?>
<MapProduct xmlns="http://www.garmin.com/xmlschemas/MapProduct/v1">

  <Name>Virginia Wildernesses</Name>

  <DataVersion>100</DataVersion>

  <DataFormat>Original</DataFormat>

  <ID>4242</ID>

  <IDX>Virginia Wildernesses.mdx</IDX>

  <TYP>42424242.typ</TYP>

  <SubProduct>
    <Name>Virginia Wildernesses</Name>
    <ID>1</ID>
    <BaseMap>Virginia Wildernesses</BaseMap>
    <TDB>Virginia Wildernesses.tdb</TDB>
    <Directory>Product1</Directory>
  </SubProduct>

</MapProduct>
